{
  "title": "Untitled Project",
  "description": "",
  "head": "<meta charset=\"UTF-8\" />\n<meta name=\"viewport\" content=\"width=device-width, initial-scale=1.0\" />",
  "htmlAttrs": "lang=\"en\" class=\"\"",
  "tags": [],
  "autoupdate": true,
  "autosave": false,
  "autotest": false,
  "delay": 1500,
  "formatOnsave": false,
  "view": "split",
  "mode": "full",
  "theme": "dark",
  "layout": "responsive",
  "recoverUnsaved": true,
  "showSpacing": false,
  "welcome": true,
  "readonly": false,
  "allowLangChange": true,
  "activeEditor": "script",
  "markup": {
    "language": "html",
    "content": ""
  },
  "style": {
    "language": "css",
    "content": ".container,\n.container button {\n  text-align: center;\n  font: 1em sans-serif;\n}\n.logo {\n  width: 150px;\n}\n"
  },
  "script": {
    "language": "react",
    "content": "import React, { useState } from 'react';\n\nfunction App() {\n  const [isDoorOpen, setIsDoorOpen] = useState(false);\n\n  // Стили для контейнера (молочный фон)\n  const containerStyle = {\n    backgroundColor: '#F5F5DC', // Молочный цвет\n    width: '100vw',\n    height: '100vh',\n    margin: 0,\n    padding: 0,\n    display: 'flex',\n    justifyContent: 'center',\n    alignItems: 'center',\n    position: 'relative',\n  };\n\n  // Стили для двери (больше человека)\n  const doorStyle = {\n    position: 'absolute',\n    width: '200px', // Большая дверь\n    height: '350px',\n    backgroundColor: '#8B4513', // Коричневый\n    bottom: '10%',\n    left: '40%',\n    transformOrigin: 'left center',\n    transition: 'transform 1s ease',\n    transform: isDoorOpen ? 'rotateY(90deg)' : 'rotateY(0deg)',\n    border: '8px solid #5D4037', // Рамка\n    borderRadius: '5px',\n  };\n\n  // Стили для человека\n  const personStyle = {\n    position: 'absolute',\n    width: '60px', // Человек меньше двери\n    height: '160px',\n    backgroundColor: '#333',\n    borderRadius: '10px',\n    bottom: '10%',\n    left: '65%',\n  };\n\n  // Стили для головы\n  const headStyle = {\n    position: 'absolute',\n    width: '40px',\n    height: '40px',\n    backgroundColor: '#FFCC99',\n    borderRadius: '50%',\n    top: '-30px',\n    left: '10px',\n  };\n\n  // Стили для руки (машет)\n  const armRightStyle = {\n    position: 'absolute',\n    width: '10px',\n    height: '60px',\n    backgroundColor: '#333',\n    top: '20px',\n    right: '-10px',\n    borderRadius: '5px',\n    animation: 'wave 2s infinite alternate',\n  };\n\n  // Стили для левой руки\n  const armLeftStyle = {\n    position: 'absolute',\n    width: '10px',\n    height: '60px',\n    backgroundColor: '#333',\n    top: '20px',\n    left: '-10px',\n    borderRadius: '5px',\n  };\n\n  // Стили для ног\n  const legRightStyle = {\n    position: 'absolute',\n    width: '12px',\n    height: '50px',\n    backgroundColor: '#333',\n    bottom: '-50px',\n    right: '15px',\n    borderRadius: '5px',\n  };\n\n  const legLeftStyle = {\n    position: 'absolute',\n    width: '12px',\n    height: '50px',\n    backgroundColor: '#333',\n    bottom: '-50px',\n    left: '15px',\n    borderRadius: '5px',\n  };\n\n  // Кнопки управления\n  const buttonContainerStyle = {\n    position: 'absolute',\n    top: '20px',\n    left: '50%',\n    transform: 'translateX(-50%)',\n    zIndex: 10,\n  };\n\n  const buttonStyle = {\n    padding: '10px 20px',\n    margin: '0 5px',\n    cursor: 'pointer',\n  };\n\n  return (\n    <div style={containerStyle}>\n      <style>\n        {`\n          @keyframes wave {\n            0% { transform: rotate(0deg); }\n            100% { transform: rotate(45deg); }\n          }\n        `}\n      </style>\n      \n      <div style={buttonContainerStyle}>\n        <button \n          style={buttonStyle}\n          onClick={() => setIsDoorOpen(true)}\n        >\n          Открыть дверь\n        </button>\n        <button \n          style={buttonStyle}\n          onClick={() => setIsDoorOpen(false)}\n        >\n          Закрыть дверь\n        </button>\n      </div>\n      \n      <div style={doorStyle}></div>\n      \n      <div style={personStyle}>\n        <div style={headStyle}></div>\n        <div style={armRightStyle}></div>\n        <div style={armLeftStyle}></div>\n        <div style={legRightStyle}></div>\n        <div style={legLeftStyle}></div>\n      </div>\n    </div>\n  );\n}\n\nexport default App;"
  },
  "stylesheets": [],
  "scripts": [],
  "cssPreset": "",
  "imports": {},
  "types": {},
  "tests": {
    "language": "typescript",
    "content": ""
  },
  "tools": {
    "enabled": "all",
    "active": "console",
    "status": "closed"
  },
  "zoom": 1,
  "processors": [],
  "customSettings": {},
  "useTabs": false,
  "tabSize": 2,
  "lineNumbers": true,
  "wordWrap": false,
  "closeBrackets": true,
  "foldRegions": false,
  "semicolons": true,
  "singleQuote": false,
  "trailingComma": true,
  "emmet": true,
  "enableAI": false,
  "version": "46"
}